{"cameraMode":{"drawMode":0,"name":"Shaded","section":"Shading Mode"},"sceneLighting":false,"audioPlay":false,"sceneViewState":{"showFog":true,"showMaterialUpdate":false,"showSkybox":false,"showFlares":true,"showImageEffects":true,"showParticleSystems":true},"in2DMode":false,"pivot":{"x":0.02745281532406807,"y":0.40244755148887637,"z":0.20985624194145204},"rotation":{"x":-0.061262812465429309,"y":0.9383694529533386,"z":-0.2539622485637665,"w":-0.22635628283023835},"size":0.2919241786003113,"orthographic":false}