{"cameraMode":{"drawMode":0,"name":"Shaded","section":"Shading Mode"},"sceneLighting":false,"audioPlay":false,"sceneViewState":{"showFog":true,"showMaterialUpdate":false,"showSkybox":false,"showFlares":true,"showImageEffects":true,"showParticleSystems":true},"in2DMode":false,"pivot":{"x":1.4901161193847657e-8,"y":0.15586286783218385,"z":-2.9802322387695315e-8},"rotation":{"x":0.0005353607120923698,"y":0.9548013806343079,"z":-0.29724934697151186,"w":0.0017196896951645613},"size":0.46953561902046206,"orthographic":false}