{"cameraMode":{"drawMode":0,"name":"Shaded","section":"Shading Mode"},"sceneLighting":false,"audioPlay":false,"sceneViewState":{"showFog":true,"showMaterialUpdate":false,"showSkybox":false,"showFlares":true,"showImageEffects":true,"showParticleSystems":true},"in2DMode":false,"pivot":{"x":-0.1599999964237213,"y":0.6480000019073486,"z":2.3010001182556154},"rotation":{"x":0.10141512751579285,"y":0.5615904927253723,"z":-0.06959901005029679,"w":0.8182386755943298},"size":0.17320503294467927,"orthographic":false}